Supply_ID,Quantity,Type,Location,Available_Time,Time_Window
1,1256,Medicine,Location2,8.254852071256229,26.449075457952674
2,773,Food,Location3,9.36534773168032,29.01304214627603
3,835,Water,Location3,14.114525719611231,27.87142842923991
4,888,Water,Location3,11.087834809633367,39.674599811169564
5,1566,Water,Location1,23.732598275362204,30.07899846095477
